Codes;Names;Borough;Population;Hectares;Square Kilometres;Population per hectare;Population per square kilometre;;Census population (2011);Population per hectare
E09000001;City of London;City of London;0;315.1;3.2;0.0;0;;7,375;23.4
E05000026;Abbey;Barking and Dagenham;8,289;127.9;1.3;64.8;6,481;;12,786;100.0
E05000027;Alibon;Barking and Dagenham;17,574;136.1;1.4;129.1;12,913;;10,385;76.3
E05000028;Becontree;Barking and Dagenham;11,324;128.4;1.3;88.2;8,819;;11,545;89.9
E05000029;Chadwell Heath;Barking and Dagenham;14,751;338;3.4;43.6;4,364;;10,021;29.6
E05000030;Eastbrook;Barking and Dagenham;11,240;345.4;3.5;32.5;3,254;;10,506;30.4
E05000031;Eastbury;Barking and Dagenham;10,964;144.5;1.4;75.9;7,588;;11,624;80.4
E05000032;Gascoigne;Barking and Dagenham;12,263;113.4;1.1;108.1;10,814;;12,452;109.8
E05000033;Goresbrook;Barking and Dagenham;17,432;128;1.3;136.2;13,619;;11,267;88.0
E05000034;Heath;Barking and Dagenham;12,496;200.5;2.0;62.3;6,232;;10,786;53.8
E05000035;Longbridge;Barking and Dagenham;11,832;164;1.6;72.1;7,215;;11,478;70.0
E05000036;Mayesbrook;Barking and Dagenham;12,153;185.1;1.9;65.7;6,566;;10,342;55.9
E05000037;Parsloes;Barking and Dagenham;11,317;124.3;1.2;91.0;9,105;;9,839;79.2
E05000038;River;Barking and Dagenham;10,306;355.2;3.6;29.0;2,901;;10,923;30.8
E05000039;Thames;Barking and Dagenham;14,146;788.4;7.9;17.9;1,794;;10,728;13.6
E05000040;Valence;Barking and Dagenham;21,082;129.3;1.3;163.0;16,305;;9,867;76.3
E05000041;Village;Barking and Dagenham;11,709;214;2.1;54.7;5,471;;10,787;50.4
E05000042;Whalebone;Barking and Dagenham;11,043;155.4;1.6;71.1;7,106;;10,575;68.1
E05000043;Brunswick Park;Barnet;12,771;317.4;3.2;40.2;4,024;;16,394;51.7
E05000044;Burnt Oak;Barnet;16,787;206.4;2.1;81.3;8,133;;18,217;88.3
E05000045;Childs Hill;Barnet;20,202;308.9;3.1;65.4;6,540;;20,049;64.9
E05000046;Colindale;Barnet;22,858;264.2;2.6;86.5;8,652;;17,098;64.7
E05000047;Coppetts;Barnet;33,098;272;2.7;121.7;12,168;;17,250;63.4
E05000048;East Barnet;Barnet;17,726;375.2;3.8;47.2;4,724;;16,137;43.0
E05000049;East Finchley;Barnet;17,771;252.4;2.5;70.4;7,041;;15,989;63.3
E05000050;Edgware;Barnet;17,268;556;5.6;31.1;3,106;;16,728;30.1
E05000051;Finchley Church End;Barnet;21,591;270.9;2.7;79.7;7,970;;15,715;58.0
E05000052;Garden Suburb;Barnet;17,095;473.1;4.7;36.1;3,613;;15,929;33.7
E05000053;Golders Green;Barnet;16,831;297.8;3.0;56.5;5,652;;18,818;63.2
E05000054;Hale;Barnet;23,985;542.2;5.4;44.2;4,424;;17,437;32.2
E05000055;Hendon;Barnet;18,741;284;2.8;66.0;6,599;;18,472;65.0
E05000056;High Barnet;Barnet;20,159;830.9;8.3;24.3;2,426;;15,307;18.4
E05000057;Mill Hill;Barnet;16,064;938.7;9.4;17.1;1,711;;18,451;19.7
E05000058;Oakleigh;Barnet;25,613;331.7;3.3;77.2;7,722;;15,811;47.7
E05000059;Totteridge;Barnet;17,029;876.8;8.8;19.4;1,942;;15,159;17.3
E05000060;Underhill;Barnet;17,730;455.2;4.6;38.9;3,895;;15,915;35.0
E05000061;West Finchley;Barnet;16,592;216.1;2.2;76.8;7,678;;16,533;76.5
E05000062;West Hendon;Barnet;17,794;342.6;3.4;51.9;5,194;;17,402;50.8
E05000063;Woodhouse;Barnet;21,265;261.2;2.6;81.4;8,141;;17,575;67.3
E05000064;Barnehurst;Bexley;18,844;287;2.9;65.7;6,566;;10,418;36.3
E05000065;Belvedere;Bexley;11,441;316.1;3.2;36.2;3,619;;11,890;37.6
E05000066;Blackfen and Lamorbey;Bexley;13,709;168.7;1.7;81.3;8,126;;10,616;62.9
E05000067;Blendon and Penhill;Bexley;10,973;209.8;2.1;52.3;5,230;;10,910;52.0
E05000068;Brampton;Bexley;11,000;197.3;2.0;55.8;5,575;;10,546;53.5
E05000069;Christchurch;Bexley;11,228;254.8;2.5;44.1;4,407;;10,965;43.0
E05000070;Colyers;Bexley;12,749;164.1;1.6;77.7;7,769;;11,128;67.8
E05000071;Crayford;Bexley;10,874;396.8;4.0;27.4;2,740;;11,226;28.3
E05000072;Cray Meadows;Bexley;14,450;718.4;7.2;20.1;2,011;;11,207;15.6
E05000073;Danson Park;Bexley;12,437;271.6;2.7;45.8;4,579;;10,864;40.0
E05000074;East Wickham;Bexley;11,697;216.9;2.2;53.9;5,393;;10,858;50.1
E05000075;Erith;Bexley;11,773;475.6;4.8;24.8;2,475;;12,053;25.3
E05000076;Falconwood and Welling;Bexley;15,914;166.5;1.7;95.6;9,558;;10,800;64.9
E05000077;Lesnes Abbey;Bexley;11,360;237;2.4;47.9;4,793;;11,346;47.9
E05000078;Longlands;Bexley;13,178;259.2;2.6;50.8;5,084;;10,442;40.3
E05000079;North End;Bexley;11,054;568.9;5.7;19.4;1,943;;11,566;20.3
E05000080;Northumberland Heath;Bexley;14,025;176.3;1.8;79.6;7,955;;10,598;60.1
E05000081;St. Mary's;Bexley;10,756;442.9;4.4;24.3;2,429;;10,491;23.7
E05000082;St. Michael's;Bexley;11,981;144.4;1.4;83.0;8,297;;11,135;77.1
E05000083;Sidcup;Bexley;11,656;270.2;2.7;43.1;4,314;;10,844;40.1
E05000084;Thamesmead East;Bexley;12,411;483.7;4.8;25.7;2,566;;12,094;25.0
E05000085;Alperton;Brent;13,940;205.8;2.1;67.7;6,774;;14,017;68.1
E05000086;Barnhill;Brent;18,922;297.5;3.0;63.6;6,360;;15,772;53.0
E05000087;Brondesbury Park;Brent;17,047;172.2;1.7;99.0;9,900;;13,023;75.6
E05000088;Dollis Hill;Brent;13,326;229.8;2.3;58.0;5,799;;13,425;58.4
E05000089;Dudden Hill;Brent;14,354;168.2;1.7;85.3;8,534;;15,059;89.5
E05000090;Fryent;Brent;17,229;265.8;2.7;64.8;6,482;;13,445;50.6
E05000091;Harlesden;Brent;14,821;111.5;1.1;132.9;13,292;;17,162;153.9
E05000092;Kensal Green;Brent;16,248;112.1;1.1;144.9;14,494;;14,915;133.1
E05000093;Kenton;Brent;15,123;225;2.3;67.2;6,721;;12,133;53.9
E05000094;Kilburn;Brent;12,853;94.4;0.9;136.2;13,615;;16,989;180.0
E05000095;Mapesbury;Brent;18,410;139.4;1.4;132.1;13,207;;15,529;111.4
E05000096;Northwick Park;Brent;16,074;267.3;2.7;60.1;6,013;;12,811;47.9
E05000097;Preston;Brent;12,390;239.5;2.4;51.7;5,173;;15,474;64.6
E05000098;Queens Park;Brent;16,137;148.9;1.5;108.4;10,837;;15,281;102.6
E05000099;Queensbury;Brent;15,766;205;2.1;76.9;7,691;;15,155;73.9
E05000100;Stonebridge;Brent;19,660;405.5;4.1;48.5;4,848;;16,903;41.7
E05000101;Sudbury;Brent;20,982;213;2.1;98.5;9,851;;14,950;70.2
E05000102;Tokyngton;Brent;16,314;276.4;2.8;59.0;5,902;;15,105;54.6
E05000103;Welsh Harp;Brent;24,137;231.2;2.3;104.4;10,440;;13,753;59.5
E05000104;Wembley Central;Brent;13,994;160.3;1.6;87.3;8,730;;14,727;91.9
E05000105;Willesden Green;Brent;18,629;154.7;1.5;120.4;12,042;;15,587;100.8
E05000106;Bickley;Bromley;16,365;486.9;4.9;33.6;3,361;;15,098;31.0
E05000107;Biggin Hill;Bromley;16,867;828.2;8.3;20.4;2,037;;9,951;12.0
E05000108;Bromley Common and Keston;Bromley;10,828;832.1;8.3;13.0;1,301;;15,113;18.2
E05000109;Bromley Town;Bromley;17,824;371.8;3.7;47.9;4,794;;16,826;45.3
E05000110;Chelsfield and Pratts Bottom;Bromley;21,462;1256.2;12.6;17.1;1,708;;14,507;11.5
E05000111;Chislehurst;Bromley;15,600;1044.9;10.4;14.9;1,493;;14,831;14.2
E05000112;Clock House;Bromley;17,039;226.6;2.3;75.2;7,519;;15,560;68.7
E05000113;Copers Cope;Bromley;17,191;328.6;3.3;52.3;5,232;;15,392;46.8
E05000114;Cray Valley East;Bromley;17,219;1328.8;13.3;13.0;1,296;;15,445;11.6
E05000115;Cray Valley West;Bromley;16,833;393.8;3.9;42.7;4,275;;16,769;42.6
E05000116;Crystal Palace;Bromley;17,732;229.3;2.3;77.3;7,733;;12,255;53.4
E05000117;Darwin;Bromley;13,976;2903.5;29.0;4.8;481;;5,110;1.8
E05000118;Farnborough and Crofton;Bromley;5,558;699.5;7.0;7.9;795;;14,632;20.9
E05000119;Hayes and Coney Hall;Bromley;15,549;1081.7;10.8;14.4;1,437;;15,906;14.7
E05000120;Kelsey and Eden Park;Bromley;17,164;520;5.2;33.0;3,301;;15,892;30.6
E05000121;Mottingham and Chislehurst North;Bromley;17,681;244.9;2.4;72.2;7,220;;9,987;40.8
E05000122;Orpington;Bromley;10,549;425.6;4.3;24.8;2,479;;15,311;36.0
E05000123;Penge and Cator;Bromley;16,152;295.7;3.0;54.6;5,462;;17,326;58.6
E05000124;Petts Wood and Knoll;Bromley;18,608;430.2;4.3;43.3;4,325;;13,651;31.7
E05000125;Plaistow and Sundridge;Bromley;15,388;399.3;4.0;38.5;3,854;;15,122;37.9
E05000126;Shortlands;Bromley;16,949;245.6;2.5;69.0;6,901;;9,824;40.0
E05000127;West Wickham;Bromley;10,604;441.3;4.4;24.0;2,403;;14,884;33.7
E05000128;Belsize;Camden;15,775;78;0.8;202.2;20,224;;12,702;162.8
E05000129;Bloomsbury;Camden;14,531;102.1;1.0;142.3;14,232;;10,892;106.7
E05000130;Camden Town with Primrose Hill;Camden;12,337;116.6;1.2;105.8;10,581;;12,613;108.2
E05000131;Cantelowes;Camden;15,090;75.8;0.8;199.1;19,908;;11,925;157.3
E05000132;Fortune Green;Camden;14,355;100.5;1.0;142.8;14,284;;11,740;116.8
E05000133;Frognal and Fitzjohns;Camden;13,814;153.3;1.5;90.1;9,011;;11,986;78.2
E05000134;Gospel Oak;Camden;14,085;69.1;0.7;203.8;20,384;;11,264;163.0
E05000135;Hampstead Town;Camden;13,041;245;2.5;53.2;5,323;;11,270;46.0
E05000136;Haverstock;Camden;12,451;73.2;0.7;170.1;17,010;;12,364;168.9
E05000137;Highgate;Camden;14,229;324.2;3.2;43.9;4,389;;10,955;33.8
E05000138;Holborn and Covent Garden;Camden;12,016;120.1;1.2;100.0;10,005;;13,023;108.4
E05000139;Kentish Town;Camden;15,544;102.8;1.0;151.2;15,121;;13,417;130.5
E05000140;Kilburn;Camden;15,993;68.6;0.7;233.1;23,313;;12,038;175.5
E05000141;King's Cross;Camden;14,205;61;0.6;232.9;23,287;;11,843;194.1
E05000142;Regent's Park;Camden;13,335;135;1.4;98.8;9,878;;13,528;100.2
E05000143;St. Pancras and Somers Town;Camden;15,422;140;1.4;110.2;11,016;;13,818;98.7
E05000144;Swiss Cottage;Camden;20,658;125.7;1.3;164.3;16,434;;12,900;102.6
E05000145;West Hampstead;Camden;15,238;88.7;0.9;171.8;17,179;;12,060;136.0
E05000146;Addiscombe;Croydon;14,739;159.5;1.6;92.4;9,241;;16,883;105.8
E05000147;Ashburton;Croydon;18,701;271.4;2.7;68.9;6,891;;14,721;54.2
E05000148;Bensham Manor;Croydon;14,611;144.6;1.4;101.0;10,104;;16,201;112.0
E05000149;Broad Green;Croydon;17,534;266.7;2.7;65.7;6,574;;18,652;69.9
E05000150;Coulsdon East;Croydon;23,519;774.3;7.7;30.4;3,037;;12,244;15.8
E05000151;Coulsdon West;Croydon;12,583;499.5;5.0;25.2;2,519;;13,449;26.9
E05000152;Croham;Croydon;16,969;352.3;3.5;48.2;4,817;;15,790;44.8
E05000153;Fairfield;Croydon;17,382;376.5;3.8;46.2;4,617;;16,569;44.0
E05000154;Fieldway;Croydon;30,959;148.5;1.5;208.5;20,848;;11,479;77.3
E05000155;Heathfield;Croydon;12,046;871;8.7;13.8;1,383;;13,213;15.2
E05000156;Kenley;Croydon;13,298;646;6.5;20.6;2,059;;14,966;23.2
E05000157;New Addington;Croydon;15,795;242.8;2.4;65.1;6,505;;10,801;44.5
E05000158;Norbury;Croydon;11,670;252;2.5;46.3;4,631;;16,476;65.4
E05000159;Purley;Croydon;18,266;417.3;4.2;43.8;4,377;;14,607;35.0
E05000160;Sanderstead;Croydon;16,650;634.6;6.3;26.2;2,624;;12,777;20.1
E05000161;Selhurst;Croydon;13,050;227.7;2.3;57.3;5,731;;18,087;79.4
E05000162;Selsdon and Ballards;Croydon;19,400;640.6;6.4;30.3;3,028;;11,719;18.3
E05000163;Shirley;Croydon;12,284;280;2.8;43.9;4,387;;14,296;51.1
E05000164;South Norwood;Croydon;14,315;238.1;2.4;60.1;6,012;;16,518;69.4
E05000165;Thornton Heath;Croydon;17,584;168.1;1.7;104.6;10,460;;16,539;98.4
E05000166;Upper Norwood;Croydon;17,578;262;2.6;67.1;6,709;;16,082;61.4
E05000167;Waddon;Croydon;16,951;364.4;3.6;46.5;4,652;;17,077;46.9
E05000168;West Thornton;Croydon;18,640;197.4;2.0;94.4;9,443;;17,489;88.6
E05000169;Woodside;Croydon;19,495;216.7;2.2;90.0;8,996;;16,743;77.3
E05000170;Acton Central;Ealing;17,118;177.5;1.8;96.4;9,644;;15,427;86.9
E05000171;Cleveland;Ealing;16,529;223.2;2.2;74.1;7,405;;14,558;65.2
E05000172;Dormers Wells;Ealing;15,774;225.9;2.3;69.8;6,983;;13,910;61.6
E05000173;Ealing Broadway;Ealing;14,939;185.7;1.9;80.4;8,045;;14,029;75.5
E05000174;Ealing Common;Ealing;16,780;214;2.1;78.4;7,841;;14,019;65.5
E05000175;East Acton;Ealing;14,275;427.2;4.3;33.4;3,342;;18,706;43.8
E05000176;Elthorne;Ealing;26,308;200;2.0;131.5;13,154;;14,539;72.7
E05000177;Greenford Broadway;Ealing;17,242;252.2;2.5;68.4;6,837;;17,625;69.9
E05000178;Greenford Green;Ealing;18,728;338.1;3.4;55.4;5,539;;14,349;42.4
E05000179;Hanger Hill;Ealing;17,905;327.4;3.3;54.7;5,469;;15,561;47.5
E05000180;Hobbayne;Ealing;16,088;220.8;2.2;72.9;7,286;;14,229;64.4
E05000181;Lady Margaret;Ealing;14,472;153.9;1.5;94.0;9,404;;13,897;90.3
E05000182;Northfield;Ealing;13,894;153.5;1.5;90.5;9,051;;13,517;88.1
E05000183;North Greenford;Ealing;14,022;324.8;3.2;43.2;4,317;;14,713;45.3
E05000184;Northolt Mandeville;Ealing;15,259;275.2;2.8;55.4;5,545;;15,183;55.2
E05000185;Northolt West End;Ealing;15,710;354.8;3.5;44.3;4,428;;15,121;42.6
E05000186;Norwood Green;Ealing;14,548;379.4;3.8;38.3;3,834;;14,032;37.0
E05000187;Perivale;Ealing;17,402;336.5;3.4;51.7;5,171;;15,339;45.6
E05000188;South Acton;Ealing;15,917;171.9;1.7;92.6;9,259;;14,873;86.5
E05000189;Southall Broadway;Ealing;18,939;162.2;1.6;116.8;11,676;;13,439;82.9
E05000190;Southall Green;Ealing;17,314;158.5;1.6;109.2;10,924;;14,579;92.0
E05000191;Southfield;Ealing;18,242;143.5;1.4;127.1;12,712;;13,474;93.9
E05000192;Walpole;Ealing;13,915;146.6;1.5;94.9;9,492;;13,330;90.9
E05000193;Bowes;Enfield;13,715;148.5;1.5;92.4;9,236;;14,051;94.6
E05000194;Bush Hill Park;Enfield;15,237;252.6;2.5;60.3;6,032;;13,923;55.1
E05000195;Chase;Enfield;14,971;1694.4;16.9;8.8;884;;13,762;8.1
E05000196;Cockfosters;Enfield;14,711;1040.7;10.4;14.1;1,414;;13,788;13.2
E05000197;Edmonton Green;Enfield;16,550;312.9;3.1;52.9;5,289;;17,949;57.4
E05000198;Enfield Highway;Enfield;19,306;463.9;4.6;41.6;4,162;;16,027;34.5
E05000199;Enfield Lock;Enfield;16,995;325.1;3.3;52.3;5,228;;16,469;50.7
E05000200;Grange;Enfield;18,472;328.6;3.3;56.2;5,621;;12,709;38.7
E05000201;Haselbury;Enfield;14,521;179.7;1.8;80.8;8,081;;16,263;90.5
E05000202;Highlands;Enfield;17,620;508.8;5.1;34.6;3,463;;13,006;25.6
E05000203;Jubilee;Enfield;14,969;391.8;3.9;38.2;3,821;;14,355;36.6
E05000204;Lower Edmonton;Enfield;14,860;217.5;2.2;68.3;6,832;;16,531;76.0
E05000205;Palmers Green;Enfield;17,750;194.1;1.9;91.4;9,145;;15,162;78.1
E05000206;Ponders End;Enfield;16,605;354.5;3.5;46.8;4,684;;15,664;44.2
E05000207;Southbury;Enfield;17,929;286.4;2.9;62.6;6,260;;14,506;50.6
E05000208;Southgate;Enfield;16,284;269.1;2.7;60.5;6,051;;14,454;53.7
E05000209;Southgate Green;Enfield;16,343;261.7;2.6;62.4;6,245;;13,787;52.7
E05000210;Town;Enfield;16,380;223.3;2.2;73.4;7,335;;14,906;66.8
E05000211;Turkey Street;Enfield;16,169;225.7;2.3;71.6;7,164;;14,377;63.7
E05000212;Upper Edmonton;Enfield;15,596;265.1;2.7;58.8;5,883;;17,374;65.5
E05000213;Winchmore Hill;Enfield;24,077;275.7;2.8;87.3;8,733;;13,403;48.6
E05000214;Abbey Wood;Greenwich;14,647;265.3;2.7;55.2;5,521;;15,704;59.2
E05000215;Blackheath Westcombe;Greenwich;16,084;213.8;2.1;75.2;7,523;;12,875;60.2
E05000216;Charlton;Greenwich;13,472;203.4;2.0;66.2;6,623;;14,385;70.7
E05000217;Coldharbour and New Eltham;Greenwich;15,254;254.9;2.5;59.8;5,984;;13,062;51.2
E05000218;Eltham North;Greenwich;13,594;255;2.6;53.3;5,331;;12,519;49.1
E05000219;Eltham South;Greenwich;12,607;462.7;4.6;27.2;2,725;;12,541;27.1
E05000220;Eltham West;Greenwich;12,879;242.6;2.4;53.1;5,309;;10,399;42.9
E05000221;Glyndon;Greenwich;16,469;170.4;1.7;96.6;9,665;;18,171;106.6
E05000222;Greenwich West;Greenwich;19,618;279.7;2.8;70.1;7,014;;16,527;59.1
E05000223;Kidbrooke with Hornfair;Greenwich;21,866;237.8;2.4;92.0;9,195;;14,300;60.1
E05000224;Middle Park and Sutcliffe;Greenwich;14,660;328.4;3.3;44.6;4,464;;13,505;41.1
E05000225;Peninsula;Greenwich;13,372;448.2;4.5;29.8;2,983;;14,051;31.3
E05000226;Plumstead;Greenwich;26,331;235.1;2.4;112.0;11,200;;16,736;71.2
E05000227;Shooters Hill;Greenwich;17,865;378;3.8;47.3;4,726;;13,433;35.5
E05000228;Thamesmead Moorings;Greenwich;13,219;481.1;4.8;27.5;2,748;;19,730;41.0
E05000229;Woolwich Common;Greenwich;21,646;262;2.6;82.6;8,262;;17,499;66.8
E05000230;Woolwich Riverside;Greenwich;21,885;319.5;3.2;68.5;6,850;;19,120;59.8
E05000231;Brownswood;Hackney;26,218;84.1;0.8;311.7;31,175;;11,091;131.9
E05000232;Cazenove;Hackney;15,894;68.4;0.7;232.4;23,237;;13,392;195.8
E05000233;Chatham;Hackney;14,866;90.9;0.9;163.5;16,354;;13,232;145.6
E05000234;Clissold;Hackney;16,153;70.2;0.7;230.1;23,010;;12,212;174.0
E05000235;Dalston;Hackney;13,352;92.7;0.9;144.0;14,403;;14,727;158.9
E05000236;De Beauvoir;Hackney;17,274;88.9;0.9;194.3;19,431;;13,643;153.5
E05000237;Hackney Central;Hackney;17,640;78;0.8;226.2;22,615;;12,548;160.9
E05000238;Hackney Downs;Hackney;14,950;101.8;1.0;146.9;14,686;;12,921;126.9
E05000239;Haggerston;Hackney;14,456;124.3;1.2;116.3;11,630;;13,904;111.9
E05000240;Hoxton;Hackney;19,669;83.9;0.8;234.4;23,443;;15,174;180.9
E05000241;King's Park;Hackney;18,742;181.4;1.8;103.3;10,332;;11,098;61.2
E05000242;Leabridge;Hackney;12,477;106.4;1.1;117.3;11,727;;14,039;131.9
E05000243;Lordship;Hackney;15,832;119.1;1.2;132.9;13,293;;12,280;103.1
E05000244;New River;Hackney;14,056;98.3;1.0;143.0;14,299;;12,551;127.7
E05000245;Queensbridge;Hackney;18,256;108;1.1;169.0;16,904;;13,670;126.6
E05000246;Springfield;Hackney;15,001;95.2;1.0;157.6;15,757;;12,378;130.0
E05000247;Stoke Newington Central;Hackney;14,128;71.2;0.7;198.4;19,843;;12,445;174.8
E05000248;Victoria;Hackney;13,464;80.4;0.8;167.5;16,746;;13,231;164.6
E05000249;Wick;Hackney;14,325;163.2;1.6;87.8;8,778;;11,734;71.9
E05000250;Addison;Hammersmith and Fulham;13,775;55.3;0.6;249.1;24,910;;11,518;208.3
E05000251;Askew;Hammersmith and Fulham;11,721;75.9;0.8;154.4;15,443;;14,160;186.6
E05000252;Avonmore and Brook Green;Hammersmith and Fulham;14,869;89.5;0.9;166.1;16,613;;12,216;136.5
E05000253;College Park and Old Oak;Hammersmith and Fulham;11,991;344;3.4;34.9;3,486;;9,175;26.7
E05000254;Fulham Broadway;Hammersmith and Fulham;13,452;66.7;0.7;201.7;20,168;;10,996;164.9
E05000255;Fulham Reach;Hammersmith and Fulham;12,506;88.2;0.9;141.8;14,179;;11,306;128.2
E05000256;Hammersmith Broadway;Hammersmith and Fulham;12,433;110.4;1.1;112.6;11,262;;11,923;108.0
E05000257;Munster;Hammersmith and Fulham;15,722;62.3;0.6;252.4;25,236;;11,004;176.6
E05000258;North End;Hammersmith and Fulham;11,137;63.8;0.6;174.6;17,456;;11,589;181.6
E05000259;Palace Riverside;Hammersmith and Fulham;12,340;148.1;1.5;83.3;8,332;;7,483;50.5
E05000260;Parsons Green and Walham;Hammersmith and Fulham;7,452;89.8;0.9;83.0;8,298;;10,813;120.4
E05000261;Ravenscourt Park;Hammersmith and Fulham;11,362;122;1.2;93.1;9,313;;10,785;88.4
E05000262;Sands End;Hammersmith and Fulham;10,905;137.7;1.4;79.2;7,919;;12,760;92.7
E05000263;Shepherd's Bush Green;Hammersmith and Fulham;15,320;106.7;1.1;143.6;14,358;;12,175;114.1
E05000264;Town;Hammersmith and Fulham;15,346;65;0.7;236.1;23,609;;11,201;172.3
E05000265;Wormholt and White City;Hammersmith and Fulham;11,261;90.4;0.9;124.6;12,457;;13,389;148.1
E05000266;Alexandra;Haringey;13,588;261.3;2.6;52.0;5,200;;11,795;45.1
E05000267;Bounds Green;Haringey;12,677;138.4;1.4;91.6;9,160;;13,725;99.2
E05000268;Bruce Grove;Haringey;15,047;93.1;0.9;161.6;16,162;;14,483;155.6
E05000269;Crouch End;Haringey;15,452;144;1.4;107.3;10,731;;12,395;86.1
E05000270;Fortis Green;Haringey;13,737;199.4;2.0;68.9;6,889;;12,488;62.6
E05000271;Harringay;Haringey;13,941;156.2;1.6;89.3;8,925;;13,272;85.0
E05000272;Highgate;Haringey;15,158;249.9;2.5;60.7;6,066;;11,632;46.5
E05000273;Hornsey;Haringey;13,049;105.5;1.1;123.7;12,369;;12,659;120.0
E05000274;Muswell Hill;Haringey;13,830;165.2;1.7;83.7;8,372;;10,784;65.3
E05000275;Noel Park;Haringey;12,647;123;1.2;102.8;10,282;;13,939;113.3
E05000276;Northumberland Park;Haringey;18,025;188.3;1.9;95.7;9,572;;14,429;76.6
E05000277;St. Ann's;Haringey;18,722;109.7;1.1;170.7;17,067;;14,638;133.4
E05000278;Seven Sisters;Haringey;16,128;129.2;1.3;124.8;12,483;;15,968;123.6
E05000279;Stroud Green;Haringey;18,693;109.5;1.1;170.7;17,071;;11,758;107.4
E05000280;Tottenham Green;Haringey;12,615;136.1;1.4;92.7;9,269;;14,580;107.1
E05000281;Tottenham Hale;Haringey;18,147;191.1;1.9;95.0;9,496;;15,064;78.8
E05000282;West Green;Haringey;21,205;139.8;1.4;151.7;15,168;;13,372;95.7
E05000283;White Hart Lane;Haringey;14,718;169.7;1.7;86.7;8,673;;13,431;79.1
E05000284;Woodside;Haringey;13,341;149.2;1.5;89.4;8,942;;14,514;97.3
E05000285;Belmont;Harrow;16,373;177.9;1.8;92.0;9,203;;11,343;63.8
E05000286;Canons;Harrow;11,685;563.1;5.6;20.8;2,075;;12,471;22.1
E05000287;Edgware;Harrow;15,535;140.1;1.4;110.9;11,089;;11,653;83.2
E05000288;Greenhill;Harrow;13,872;174.7;1.7;79.4;7,940;;12,420;71.1
E05000289;Harrow on the Hill;Harrow;18,445;357.5;3.6;51.6;5,159;;12,270;34.3
E05000290;Harrow Weald;Harrow;13,354;458.9;4.6;29.1;2,910;;11,376;24.8
E05000291;Hatch End;Harrow;11,968;328.1;3.3;36.5;3,648;;10,693;32.6
E05000292;Headstone North;Harrow;11,183;329.5;3.3;33.9;3,394;;10,093;30.6
E05000293;Headstone South;Harrow;11,630;146.2;1.5;79.5;7,955;;11,135;76.2
E05000294;Kenton East;Harrow;12,345;128.1;1.3;96.4;9,637;;11,138;86.9
E05000295;Kenton West;Harrow;11,119;176.5;1.8;63.0;6,300;;11,173;63.3
E05000296;Marlborough;Harrow;11,778;164.6;1.6;71.6;7,156;;12,259;74.5
E05000297;Pinner;Harrow;15,142;327;3.3;46.3;4,631;;10,026;30.7
E05000298;Pinner South;Harrow;10,488;235.3;2.4;44.6;4,457;;10,411;44.2
E05000299;Queensbury;Harrow;11,144;161.3;1.6;69.1;6,909;;11,984;74.3
E05000300;Rayners Lane;Harrow;12,527;153;1.5;81.9;8,188;;11,124;72.7
E05000301;Roxbourne;Harrow;11,690;150.6;1.5;77.6;7,762;;12,828;85.2
E05000302;Roxeth;Harrow;13,316;157.6;1.6;84.5;8,449;;11,663;74.0
E05000303;Stanmore Park;Harrow;11,752;445.6;4.5;26.4;2,637;;11,229;25.2
E05000304;Wealdstone;Harrow;12,405;119.3;1.2;104.0;10,398;;11,394;95.5
E05000305;West Harrow;Harrow;13,005;152.1;1.5;85.5;8,550;;10,373;68.2
E05000306;Brooklands;Havering;11,067;420.1;4.2;26.3;2,634;;14,957;35.6
E05000307;Cranham;Havering;20,545;655.6;6.6;31.3;3,134;;12,528;19.1
E05000308;Elm Park;Havering;13,377;366.7;3.7;36.5;3,648;;12,466;34.0
E05000309;Emerson Park;Havering;14,013;463.9;4.6;30.2;3,021;;11,977;25.8
E05000310;Gooshays;Havering;12,494;776.1;7.8;16.1;1,610;;14,692;18.9
E05000311;Hacton;Havering;16,715;246.1;2.5;67.9;6,792;;12,262;49.8
E05000312;Harold Wood;Havering;13,239;759.6;7.6;17.4;1,743;;12,650;16.7
E05000313;Havering Park;Havering;15,588;978.8;9.8;15.9;1,593;;13,000;13.3
E05000314;Heaton;Havering;13,758;341.5;3.4;40.3;4,029;;12,570;36.8
E05000315;Hylands;Havering;14,371;290.2;2.9;49.5;4,952;;12,952;44.6
E05000316;Mawneys;Havering;13,719;304.9;3.0;45.0;4,500;;12,915;42.4
E05000317;Pettits;Havering;13,791;395.3;4.0;34.9;3,489;;12,955;32.8
E05000318;Rainham and Wennington;Havering;13,909;1690;16.9;8.2;823;;12,482;7.4
E05000319;Romford Town;Havering;13,387;286.6;2.9;46.7;4,671;;15,921;55.6
E05000320;St. Andrew's;Havering;20,726;268.7;2.7;77.1;7,713;;13,334;49.6
E05000321;South Hornchurch;Havering;14,462;684.7;6.8;21.1;2,112;;13,544;19.8
E05000322;Squirrel's Heath;Havering;18,679;264.6;2.6;70.6;7,059;;13,194;49.9
E05000323;Upminster;Havering;14,689;2253.4;22.5;6.5;652;;12,833;5.7
E05000324;Barnhill;Hillingdon;13,904;211.9;2.1;65.6;6,562;;13,449;63.5
E05000325;Botwell;Hillingdon;13,989;437.2;4.4;32.0;3,200;;15,034;34.4
E05000326;Brunel;Hillingdon;25,476;327.7;3.3;77.7;7,774;;13,841;42.2
E05000327;Cavendish;Hillingdon;14,266;201.3;2.0;70.9;7,087;;11,658;57.9
E05000328;Charville;Hillingdon;12,790;297.3;3.0;43.0;4,302;;12,622;42.5
E05000329;Eastcote and East Ruislip;Hillingdon;12,961;405.8;4.1;31.9;3,194;;12,142;29.9
E05000330;Harefield;Hillingdon;14,861;1522.4;15.2;9.8;976;;7,399;4.9
E05000331;Heathrow Villages;Hillingdon;7,822;2352.5;23.5;3.3;332;;12,199;5.2
E05000332;Hillingdon East;Hillingdon;13,787;359.4;3.6;38.4;3,836;;12,906;35.9
E05000333;Ickenham;Hillingdon;13,978;620.7;6.2;22.5;2,252;;10,387;16.7
E05000334;Manor;Hillingdon;11,180;197.4;2.0;56.6;5,664;;11,442;58.0
E05000335;Northwood;Hillingdon;12,516;740.6;7.4;16.9;1,690;;10,469;14.1
E05000336;Northwood Hills;Hillingdon;11,536;332.8;3.3;34.7;3,466;;11,578;34.8
E05000337;Pinkwell;Hillingdon;12,659;274.4;2.7;46.1;4,613;;14,767;53.8
E05000338;South Ruislip;Hillingdon;16,274;741.1;7.4;22.0;2,196;;12,364;16.7
E05000339;Townfield;Hillingdon;13,849;349.8;3.5;39.6;3,959;;14,106;40.3
E05000340;Uxbridge North;Hillingdon;17,924;463.3;4.6;38.7;3,869;;12,048;26.0
E05000341;Uxbridge South;Hillingdon;18,051;311.7;3.1;57.9;5,791;;13,979;44.8
E05000342;West Drayton;Hillingdon;16,075;349;3.5;46.1;4,606;;14,370;41.2
E05000343;West Ruislip;Hillingdon;19,074;439;4.4;43.4;4,345;;10,611;24.2
E05000344;Yeading;Hillingdon;12,463;233.2;2.3;53.4;5,344;;13,586;58.3
E05000345;Yiewsley;Hillingdon;14,976;401.3;4.0;37.3;3,732;;12,979;32.3
E05000346;Bedfont;Hounslow;15,986;444.7;4.4;35.9;3,595;;12,701;28.6
E05000347;Brentford;Hounslow;13,523;318.7;3.2;42.4;4,243;;14,353;45.0
E05000348;Chiswick Homefields;Hounslow;19,474;225.6;2.3;86.3;8,632;;11,346;50.3
E05000349;Chiswick Riverside;Hounslow;12,018;208.1;2.1;57.8;5,775;;11,543;55.5
E05000350;Cranford;Hounslow;11,867;272.3;2.7;43.6;4,358;;12,330;45.3
E05000351;Feltham North;Hounslow;13,358;338.4;3.4;39.5;3,947;;11,563;34.2
E05000352;Feltham West;Hounslow;12,994;318.2;3.2;40.8;4,084;;15,541;48.8
E05000353;Hanworth;Hounslow;16,214;325.1;3.3;49.9;4,987;;12,155;37.4
E05000354;Hanworth Park;Hounslow;12,174;364.1;3.6;33.4;3,344;;11,408;31.3
E05000355;Heston Central;Hounslow;12,730;168.5;1.7;75.5;7,555;;12,288;72.9
E05000356;Heston East;Hounslow;13,622;200.4;2.0;68.0;6,797;;12,319;61.5
E05000357;Heston West;Hounslow;14,415;383;3.8;37.6;3,764;;12,438;32.5
E05000358;Hounslow Central;Hounslow;13,143;173.6;1.7;75.7;7,571;;15,169;87.4
E05000359;Hounslow Heath;Hounslow;21,737;278.7;2.8;78.0;7,799;;14,727;52.8
E05000360;Hounslow South;Hounslow;16,387;179.3;1.8;91.4;9,139;;11,408;63.6
E05000361;Hounslow West;Hounslow;12,342;162.1;1.6;76.1;7,614;;12,658;78.1
E05000362;Isleworth;Hounslow;15,765;203.1;2.0;77.6;7,762;;11,977;59.0
E05000363;Osterley and Spring Grove;Hounslow;12,936;633.7;6.3;20.4;2,041;;13,031;20.6
E05000364;Syon;Hounslow;14,303;285.2;2.9;50.2;5,015;;13,554;47.5
E05000365;Turnham Green;Hounslow;17,990;176.6;1.8;101.9;10,187;;11,448;64.8
E05000366;Barnsbury;Islington;12,366;83;0.8;149.0;14,899;;12,201;147.0
E05000367;Bunhill;Islington;14,155;108.9;1.1;130.0;12,998;;14,639;134.4
E05000368;Caledonian;Islington;19,971;113.8;1.1;175.5;17,549;;13,896;122.1
E05000369;Canonbury;Islington;16,869;80.7;0.8;209.0;20,903;;12,072;149.6
E05000370;Clerkenwell;Islington;13,521;93.5;0.9;144.6;14,461;;11,490;122.9
E05000371;Finsbury Park;Islington;13,313;91.6;0.9;145.3;14,534;;14,358;156.7
E05000372;Highbury East;Islington;17,263;100.4;1.0;171.9;17,194;;11,634;115.9
E05000373;Highbury West;Islington;14,060;108.2;1.1;129.9;12,994;;15,030;138.9
E05000374;Hillrise;Islington;19,003;82.5;0.8;230.3;23,034;;11,794;143.0
E05000375;Holloway;Islington;13,484;100.9;1.0;133.6;13,364;;14,983;148.5
E05000376;Junction;Islington;17,223;102.8;1.0;167.5;16,754;;12,025;117.0
E05000377;Mildmay;Islington;13,496;82.6;0.8;163.4;16,339;;12,917;156.4
E05000378;St. George's;Islington;14,714;84.6;0.8;173.9;17,392;;12,400;146.6
E05000379;St. Mary's;Islington;14,509;86.9;0.9;167.0;16,696;;11,553;132.9
E05000380;St. Peter's;Islington;13,724;81;0.8;169.4;16,943;;11,822;146.0
E05000381;Tollington;Islington;15,808;84.7;0.8;186.6;18,664;;13,311;157.2
E05000382;Abingdon;Kensington and Chelsea;14,725;62.9;0.6;234.1;23,410;;10,013;159.2
E05000383;Brompton;Kensington and Chelsea;11,795;95.5;1.0;123.5;12,351;;8,839;92.6
E05000384;Campden;Kensington and Chelsea;9,171;91.2;0.9;100.6;10,056;;8,178;89.7
E05000385;Colville;Kensington and Chelsea;8,575;39.1;0.4;219.3;21,931;;8,377;214.2
E05000386;Courtfield;Kensington and Chelsea;8,161;48.2;0.5;169.3;16,932;;8,933;185.3
E05000387;Cremorne;Kensington and Chelsea;8,558;61.2;0.6;139.8;13,984;;7,964;130.1
E05000388;Earl's Court;Kensington and Chelsea;8,267;45.9;0.5;180.1;18,011;;9,104;198.3
E05000389;Golborne;Kensington and Chelsea;10,617;94.9;0.9;111.9;11,188;;8,937;94.2
E05000390;Hans Town;Kensington and Chelsea;9,683;55.2;0.6;175.4;17,542;;8,792;159.3
E05000391;Holland;Kensington and Chelsea;8,789;103.9;1.0;84.6;8,459;;9,767;94.0
E05000392;Norland;Kensington and Chelsea;9,884;72.7;0.7;136.0;13,596;;8,675;119.3
E05000393;Notting Barns;Kensington and Chelsea;8,625;62.3;0.6;138.4;13,844;;9,537;153.1
E05000394;Pembridge;Kensington and Chelsea;9,341;48.8;0.5;191.4;19,141;;7,659;156.9
E05000395;Queen's Gate;Kensington and Chelsea;7,604;60.5;0.6;125.7;12,569;;9,847;162.8
E05000396;Redcliffe;Kensington and Chelsea;9,791;69.4;0.7;141.1;14,108;;9,245;133.2
E05000397;Royal Hospital;Kensington and Chelsea;9,365;90.1;0.9;103.9;10,394;;7,252;80.5
E05000398;St. Charles;Kensington and Chelsea;7,214;70.9;0.7;101.7;10,175;;9,343;131.8
E05000399;Stanley;Kensington and Chelsea;8,994;66.3;0.7;135.7;13,566;;8,187;123.5
E05000400;Alexandra;Kingston upon Thames;8,012;267.7;2.7;29.9;2,993;;9,246;34.5
E05000401;Berrylands;Kingston upon Thames;11,224;145.2;1.5;77.3;7,730;;9,437;65.0
E05000402;Beverley;Kingston upon Thames;11,145;188;1.9;59.3;5,928;;10,109;53.8
E05000403;Canbury;Kingston upon Thames;11,913;124.1;1.2;96.0;9,600;;12,373;99.7
E05000404;Chessington North and Hook;Kingston upon Thames;16,499;192.9;1.9;85.5;8,553;;8,741;45.3
E05000405;Chessington South;Kingston upon Thames;9,410;755.2;7.6;12.5;1,246;;10,232;13.5
E05000406;Coombe Hill;Kingston upon Thames;11,162;441;4.4;25.3;2,531;;10,357;23.5
E05000407;Coombe Vale;Kingston upon Thames;11,277;164.7;1.6;68.5;6,847;;9,750;59.2
E05000408;Grove;Kingston upon Thames;10,660;192;1.9;55.5;5,552;;10,955;57.1
E05000409;Norbiton;Kingston upon Thames;13,882;134.8;1.3;103.0;10,298;;10,107;75.0
E05000410;Old Malden;Kingston upon Thames;11,937;180.5;1.8;66.1;6,613;;9,431;52.2
E05000411;St. James;Kingston upon Thames;10,740;216.7;2.2;49.6;4,956;;8,969;41.4
E05000412;St. Mark's;Kingston upon Thames;9,945;137.6;1.4;72.3;7,227;;10,483;76.2
E05000413;Surbiton Hill;Kingston upon Thames;12,580;166.4;1.7;75.6;7,560;;10,459;62.9
E05000414;Tolworth and Hook Rise;Kingston upon Thames;11,736;259.5;2.6;45.2;4,523;;9,833;37.9
E05000415;Tudor;Kingston upon Thames;12,026;158.3;1.6;76.0;7,597;;9,578;60.5
E05000416;Bishop's;Lambeth;10,298;153.4;1.5;67.1;6,713;;9,675;63.1
E05000417;Brixton Hill;Lambeth;11,601;112.9;1.1;102.8;10,275;;15,842;140.3
E05000418;Clapham Common;Lambeth;17,180;134.3;1.3;127.9;12,792;;12,852;95.7
E05000419;Clapham Town;Lambeth;14,666;112;1.1;130.9;13,095;;13,795;123.2
E05000420;Coldharbour;Lambeth;15,431;120.8;1.2;127.7;12,774;;16,784;138.9
E05000421;Ferndale;Lambeth;18,610;85.3;0.9;218.2;21,817;;15,032;176.2
E05000422;Gipsy Hill;Lambeth;17,587;157;1.6;112.0;11,202;;13,712;87.3
E05000423;Herne Hill;Lambeth;14,991;203.2;2.0;73.8;7,377;;15,107;74.3
E05000424;Knight's Hill;Lambeth;16,823;147.3;1.5;114.2;11,421;;14,763;100.2
E05000425;Larkhall;Lambeth;15,645;105.9;1.1;147.7;14,773;;17,243;162.8
E05000426;Oval;Lambeth;19,905;127.5;1.3;156.1;15,612;;15,106;118.5
E05000427;Prince's;Lambeth;19,718;116.2;1.2;169.7;16,969;;14,262;122.7
E05000428;St. Leonard's;Lambeth;17,316;144.9;1.4;119.5;11,950;;14,550;100.4
E05000429;Stockwell;Lambeth;16,526;86.9;0.9;190.2;19,017;;14,777;170.0
E05000430;Streatham Hill;Lambeth;15,991;127.3;1.3;125.6;12,562;;14,263;112.0
E05000431;Streatham South;Lambeth;16,276;169.8;1.7;95.9;9,585;;14,336;84.4
E05000432;Streatham Wells;Lambeth;14,994;145.1;1.5;103.3;10,334;;14,906;102.7
E05000433;Thornton;Lambeth;17,275;108.3;1.1;159.5;15,951;;12,526;115.7
E05000434;Thurlow Park;Lambeth;15,397;151.5;1.5;101.6;10,163;;13,641;90.0
E05000435;Tulse Hill;Lambeth;14,636;102.9;1.0;142.2;14,224;;15,771;153.3
E05000436;Vassall;Lambeth;16,326;112.9;1.1;144.6;14,461;;14,143;125.3
E05000437;Bellingham;Lewisham;17,087;308.5;3.1;55.4;5,539;;14,775;47.9
E05000438;Blackheath;Lewisham;16,287;231.3;2.3;70.4;7,042;;14,039;60.7
E05000439;Brockley;Lewisham;15,815;168.6;1.7;93.8;9,380;;17,156;101.8
E05000440;Catford South;Lewisham;19,249;186.8;1.9;103.0;10,305;;15,214;81.4
E05000441;Crofton Park;Lewisham;15,806;172.1;1.7;91.8;9,184;;14,937;86.8
E05000442;Downham;Lewisham;15,974;238.9;2.4;66.9;6,686;;14,567;61.0
E05000443;Evelyn;Lewisham;15,644;177.4;1.8;88.2;8,818;;16,603;93.6
E05000444;Forest Hill;Lewisham;26,093;182.8;1.8;142.7;14,274;;14,854;81.3
E05000445;Grove Park;Lewisham;17,171;239.2;2.4;71.8;7,179;;14,648;61.2
E05000446;Ladywell;Lewisham;15,630;160.9;1.6;97.1;9,714;;14,515;90.2
E05000447;Lee Green;Lewisham;15,436;180.9;1.8;85.3;8,533;;14,573;80.6
E05000448;Lewisham Central;Lewisham;16,521;205.6;2.1;80.4;8,036;;17,446;84.9
E05000449;New Cross;Lewisham;26,443;181.7;1.8;145.5;14,553;;15,756;86.7
E05000450;Perry Vale;Lewisham;21,390;168.4;1.7;127.0;12,702;;15,618;92.7
E05000451;Rushey Green;Lewisham;16,767;178.1;1.8;94.1;9,414;;14,916;83.8
E05000452;Sydenham;Lewisham;18,225;174.5;1.7;104.4;10,444;;15,605;89.4
E05000453;Telegraph Hill;Lewisham;16,912;154.4;1.5;109.5;10,953;;16,414;106.3
E05000454;Whitefoot;Lewisham;18,391;222.4;2.2;82.7;8,269;;14,249;64.1
E05000455;Abbey;Merton;15,666;139.3;1.4;112.5;11,246;;10,323;74.1
E05000456;Cannon Hill;Merton;11,056;222.4;2.2;49.7;4,971;;9,249;41.6
E05000457;Colliers Wood;Merton;9,859;111.1;1.1;88.7;8,874;;10,712;96.4
E05000458;Cricket Green;Merton;11,656;299.7;3.0;38.9;3,889;;11,474;38.3
E05000459;Dundonald;Merton;12,617;115.1;1.2;109.6;10,962;;9,275;80.6
E05000460;Figge's Marsh;Merton;10,101;114.3;1.1;88.4;8,837;;11,240;98.3
E05000461;Graveney;Merton;12,501;88.4;0.9;141.4;14,141;;9,816;111.0
E05000462;Hillside;Merton;10,262;118.4;1.2;86.7;8,667;;8,977;75.8
E05000463;Lavender Fields;Merton;9,433;118;1.2;79.9;7,994;;10,273;87.1
E05000464;Longthornton;Merton;12,017;148.1;1.5;81.1;8,114;;10,024;67.7
E05000465;Lower Morden;Merton;10,829;180.8;1.8;59.9;5,989;;9,090;50.3
E05000466;Merton Park;Merton;8,904;181.7;1.8;49.0;4,900;;9,485;52.2
E05000467;Pollards Hill;Merton;10,699;215.9;2.2;49.6;4,956;;10,287;47.6
E05000468;Ravensbury;Merton;10,706;183.8;1.8;58.2;5,825;;9,968;54.2
E05000469;Raynes Park;Merton;11,033;185.3;1.9;59.5;5,954;;9,738;52.6
E05000470;St. Helier;Merton;10,334;184.2;1.8;56.1;5,610;;10,414;56.5
E05000471;Trinity;Merton;11,582;107.4;1.1;107.8;10,784;;9,798;91.2
E05000472;Village;Merton;10,348;621.8;6.2;16.6;1,664;;8,491;13.7
E05000473;West Barnes;Merton;8,538;195.1;2.0;43.8;4,376;;9,862;50.5
E05000474;Wimbledon Park;Merton;11,084;230;2.3;48.2;4,819;;11,197;48.7
E05000475;Beckton;Newham;13,102;625.6;6.3;20.9;2,094;;15,141;24.2
E05000476;Boleyn;Newham;18,047;91.6;0.9;197.0;19,702;;15,982;174.5
E05000477;Canning Town North;Newham;18,963;252.3;2.5;75.2;7,516;;14,810;58.7
E05000478;Canning Town South;Newham;20,128;181.7;1.8;110.8;11,078;;15,996;88.0
E05000479;Custom House;Newham;23,477;206.3;2.1;113.8;11,380;;13,411;65.0
E05000480;East Ham Central;Newham;14,143;103.9;1.0;136.1;13,612;;15,917;153.2
E05000481;East Ham North;Newham;17,039;90.4;0.9;188.5;18,848;;13,866;153.4
E05000482;East Ham South;Newham;14,074;181.2;1.8;77.7;7,767;;15,575;86.0
E05000483;Forest Gate North;Newham;16,062;124.6;1.2;128.9;12,891;;16,257;130.5
E05000484;Forest Gate South;Newham;16,388;119.2;1.2;137.5;13,748;;17,362;145.7
E05000485;Green Street East;Newham;18,488;74.3;0.7;248.8;24,883;;15,885;213.8
E05000486;Green Street West;Newham;17,217;80.5;0.8;213.9;21,388;;15,113;187.7
E05000487;Little Ilford;Newham;16,236;189.9;1.9;85.5;8,550;;16,633;87.6
E05000488;Manor Park;Newham;17,406;135;1.4;128.9;12,893;;15,318;113.5
E05000489;Plaistow North;Newham;15,527;98.1;1.0;158.3;15,828;;15,470;157.7
E05000490;Plaistow South;Newham;16,438;138.6;1.4;118.6;11,860;;16,404;118.4
E05000491;Royal Docks;Newham;17,636;479.3;4.8;36.8;3,680;;10,679;22.3
E05000492;Stratford and New Town;Newham;20,983;423.7;4.2;49.5;4,952;;17,768;41.9
E05000493;Wall End;Newham;39,891;137.9;1.4;289.3;28,927;;14,846;107.7
E05000494;West Ham;Newham;15,747;133.5;1.3;118.0;11,796;;15,551;116.5
E05000495;Aldborough;Redbridge;16,116;861.2;8.6;18.7;1,871;;14,544;16.9
E05000496;Barkingside;Redbridge;17,044;152.7;1.5;111.6;11,162;;12,609;82.6
E05000497;Bridge;Redbridge;13,987;257.9;2.6;54.2;5,423;;11,658;45.2
E05000498;Chadwell;Redbridge;12,472;151.4;1.5;82.4;8,238;;14,257;94.2
E05000499;Church End;Redbridge;16,520;149.2;1.5;110.7;11,072;;11,516;77.2
E05000500;Clayhall;Redbridge;13,217;249.1;2.5;53.1;5,306;;13,241;53.2
E05000501;Clementswood;Redbridge;13,568;127.1;1.3;106.8;10,675;;14,666;115.4
E05000502;Cranbrook;Redbridge;20,959;240.6;2.4;87.1;8,711;;12,780;53.1
E05000503;Fairlop;Redbridge;13,925;359.4;3.6;38.7;3,875;;12,630;35.1
E05000504;Fullwell;Redbridge;13,897;218.5;2.2;63.6;6,360;;12,910;59.1
E05000505;Goodmayes;Redbridge;13,702;164.8;1.6;83.1;8,314;;13,069;79.3
E05000506;Hainault;Redbridge;14,580;564.2;5.6;25.8;2,584;;12,953;23.0
E05000507;Loxford;Redbridge;13,770;128.7;1.3;107.0;10,699;;16,544;128.5
E05000508;Mayfield;Redbridge;22,246;188.4;1.9;118.1;11,808;;13,672;72.6
E05000509;Monkhams;Redbridge;14,575;307.5;3.1;47.4;4,740;;10,422;33.9
E05000510;Newbury;Redbridge;11,492;211.7;2.1;54.3;5,428;;16,760;79.2
E05000511;Roding;Redbridge;18,905;234.4;2.3;80.7;8,065;;12,044;51.4
E05000512;Seven Kings;Redbridge;13,122;208.2;2.1;63.0;6,303;;15,164;72.8
E05000513;Snaresbrook;Redbridge;18,986;198.6;2.0;95.6;9,560;;11,865;59.7
E05000514;Valentines;Redbridge;13,184;150.2;1.5;87.8;8,778;;14,123;94.0
E05000515;Wanstead;Redbridge;17,240;519.8;5.2;33.2;3,317;;11,543;22.2
E05000516;Barnes;Richmond upon Thames;12,624;301;3.0;41.9;4,194;;10,299;34.2
E05000517;East Sheen;Richmond upon Thames;10,371;583.5;5.8;17.8;1,777;;10,348;17.7
E05000518;Fulwell and Hampton Hill;Richmond upon Thames;11,515;191.8;1.9;60.0;6,004;;10,131;52.8
E05000519;Ham, Petersham & Richmond Riverside;Richmond upon Thames;11,220;944.6;9.4;11.9;1,188;;10,317;10.9
E05000520;Hampton;Richmond upon Thames;11,205;687.7;6.9;16.3;1,629;;9,985;14.5
E05000521;Hampton North;Richmond upon Thames;10,889;195;2.0;55.8;5,584;;9,387;48.1
E05000522;Hampton Wick;Richmond upon Thames;9,712;274.6;2.7;35.4;3,537;;10,221;37.2
E05000523;Heathfield;Richmond upon Thames;11,565;191.2;1.9;60.5;6,049;;10,313;53.9
E05000524;Kew;Richmond upon Thames;11,205;357.5;3.6;31.3;3,134;;11,436;32.0
E05000525;Mortlake and Barnes Common;Richmond upon Thames;12,285;193.8;1.9;63.4;6,339;;10,919;56.3
E05000526;North Richmond;Richmond upon Thames;12,126;280;2.8;43.3;4,331;;10,649;38.0
E05000527;St. Margarets & North Twickenham;Richmond upon Thames;12,319;200.6;2.0;61.4;6,141;;11,172;55.7
E05000528;South Richmond;Richmond upon Thames;13,353;269.2;2.7;49.6;4,960;;10,820;40.2
E05000529;South Twickenham;Richmond upon Thames;11,547;172.7;1.7;66.9;6,686;;9,987;57.8
E05000530;Teddington;Richmond upon Thames;10,773;429.6;4.3;25.1;2,508;;10,330;24.0
E05000531;Twickenham Riverside;Richmond upon Thames;11,438;196.2;2.0;58.3;5,830;;10,396;53.0
E05000532;West Twickenham;Richmond upon Thames;11,324;245.6;2.5;46.1;4,611;;10,528;42.9
E05000533;Whitton;Richmond upon Thames;11,378;162.3;1.6;70.1;7,010;;9,752;60.1
E05000534;Brunswick Park;Southwark;10,826;93.5;0.9;115.8;11,579;;13,174;140.9
E05000535;Camberwell Green;Southwark;13,803;97.5;1.0;141.6;14,157;;15,032;154.2
E05000536;Cathedrals;Southwark;16,900;176.3;1.8;95.9;9,586;;14,941;84.7
E05000537;Chaucer;Southwark;21,668;82.3;0.8;263.3;26,328;;15,178;184.4
E05000538;College;Southwark;16,160;323.4;3.2;50.0;4,997;;11,812;36.5
E05000539;East Dulwich;Southwark;12,736;101.9;1.0;125.0;12,499;;12,321;120.9
E05000540;East Walworth;Southwark;13,719;114.4;1.1;119.9;11,992;;11,557;101.0
E05000541;Faraday;Southwark;16,030;87.7;0.9;182.8;18,278;;12,839;146.4
E05000542;Grange;Southwark;14,516;120.5;1.2;120.5;12,046;;15,362;127.5
E05000543;Livesey;Southwark;19,215;143.6;1.4;133.8;13,381;;14,129;98.4
E05000544;Newington;Southwark;18,067;83.2;0.8;217.2;21,715;;14,136;169.9
E05000545;Nunhead;Southwark;15,616;132.2;1.3;118.1;11,812;;13,620;103.0
E05000546;Peckham;Southwark;14,866;87.2;0.9;170.5;17,048;;14,720;168.8
E05000547;Peckham Rye;Southwark;16,038;225.3;2.3;71.2;7,119;;13,518;60.0
E05000548;Riverside;Southwark;14,643;133.2;1.3;109.9;10,993;;14,390;108.0
E05000549;Rotherhithe;Southwark;17,500;149.2;1.5;117.3;11,729;;13,743;92.1
E05000550;South Bermondsey;Southwark;17,422;97.3;1.0;179.1;17,905;;13,780;141.6
E05000551;South Camberwell;Southwark;15,196;133.1;1.3;114.2;11,417;;12,629;94.9
E05000552;Surrey Docks;Southwark;13,276;190.1;1.9;69.8;6,984;;13,435;70.7
E05000553;The Lane;Southwark;17,285;139;1.4;124.4;12,435;;15,565;112.0
E05000554;Village;Southwark;17,139;278.8;2.8;61.5;6,147;;12,402;44.5
E05000555;Beddington North;Sutton;13,029;498;5.0;26.2;2,616;;10,309;20.7
E05000556;Beddington South;Sutton;10,848;306.1;3.1;35.4;3,544;;10,667;34.8
E05000557;Belmont;Sutton;11,360;233.7;2.3;48.6;4,861;;10,048;43.0
E05000558;Carshalton Central;Sutton;10,935;202.7;2.0;53.9;5,395;;10,039;49.5
E05000559;Carshalton South and Clockhouse;Sutton;11,473;705.6;7.1;16.3;1,626;;9,715;13.8
E05000560;Cheam;Sutton;10,973;393.8;3.9;27.9;2,786;;10,285;26.1
E05000561;Nonsuch;Sutton;11,449;190.6;1.9;60.1;6,007;;10,641;55.8
E05000562;St. Helier;Sutton;11,597;150;1.5;77.3;7,731;;11,949;79.7
E05000563;Stonecot;Sutton;12,512;198.1;2.0;63.2;6,316;;10,712;54.1
E05000564;Sutton Central;Sutton;11,331;131;1.3;86.5;8,650;;10,993;83.9
E05000565;Sutton North;Sutton;14,326;187.5;1.9;76.4;7,641;;10,355;55.2
E05000566;Sutton South;Sutton;12,305;127.2;1.3;96.7;9,674;;9,599;75.5
E05000567;Sutton West;Sutton;10,691;177.9;1.8;60.1;6,010;;10,536;59.2
E05000568;The Wrythe;Sutton;11,761;148.2;1.5;79.4;7,936;;10,163;68.6
E05000569;Wallington North;Sutton;11,763;161.7;1.6;72.7;7,275;;10,650;65.9
E05000570;Wallington South;Sutton;12,247;171.9;1.7;71.2;7,124;;10,200;59.3
E05000571;Wandle Valley;Sutton;11,416;205.5;2.1;55.6;5,555;;11,630;56.6
E05000572;Worcester Park;Sutton;14,792;195.7;2.0;75.6;7,559;;11,655;59.6
E05000573;Bethnal Green North;Tower Hamlets;13,448;82.3;0.8;163.4;16,340;;13,683;166.3
E05000574;Bethnal Green South;Tower Hamlets;15,299;88.1;0.9;173.7;17,365;;14,166;160.8
E05000575;Blackwall and Cubitt Town;Tower Hamlets;15,082;296.7;3.0;50.8;5,083;;19,461;65.6
E05000576;Bow East;Tower Hamlets;38,110;185.8;1.9;205.1;20,511;;14,781;79.6
E05000577;Bow West;Tower Hamlets;20,700;134.7;1.3;153.7;15,367;;12,939;96.1
E05000578;Bromley-by-Bow;Tower Hamlets;13,746;107.4;1.1;128.0;12,799;;14,480;134.8
E05000579;East India and Lansbury;Tower Hamlets;21,852;122.4;1.2;178.5;17,853;;14,859;121.4
E05000580;Limehouse;Tower Hamlets;22,473;114.2;1.1;196.8;19,679;;15,986;140.0
E05000581;Mile End and Globe Town;Tower Hamlets;19,115;90;0.9;212.4;21,239;;15,190;168.8
E05000582;Mile End East;Tower Hamlets;15,571;107;1.1;145.5;14,552;;13,354;124.8
E05000583;Millwall;Tower Hamlets;17,854;245.8;2.5;72.6;7,264;;23,084;93.9
E05000584;St. Dunstan's and Stepney Green;Tower Hamlets;37,193;101.8;1.0;365.4;36,535;;16,238;159.5
E05000585;St. Katherine's and Wapping;Tower Hamlets;18,693;150.6;1.5;124.1;12,412;;12,411;82.4
E05000586;Shadwell;Tower Hamlets;16,015;96.3;1.0;166.3;16,630;;15,110;156.9
E05000587;Spitalfields and Banglatown;Tower Hamlets;15,653;63.8;0.6;245.3;24,534;;10,286;161.2
E05000588;Weavers;Tower Hamlets;11,501;77.9;0.8;147.6;14,764;;13,206;169.5
E05000589;Whitechapel;Tower Hamlets;15,015;91.8;0.9;163.6;16,356;;14,862;161.9
E05000590;Cann Hall;Waltham Forest;20,962;86;0.9;243.7;24,374;;13,799;160.5
E05000591;Cathall;Waltham Forest;14,346;105.7;1.1;135.7;13,572;;12,700;120.2
E05000592;Chapel End;Waltham Forest;13,933;184.2;1.8;75.6;7,564;;14,086;76.5
E05000593;Chingford Green;Waltham Forest;15,883;372.8;3.7;42.6;4,260;;10,287;27.6
E05000594;Endlebury;Waltham Forest;11,052;195.9;2.0;56.4;5,642;;10,730;54.8
E05000595;Forest;Waltham Forest;11,863;198.5;2.0;59.8;5,976;;12,609;63.5
E05000596;Grove Green;Waltham Forest;13,254;89.8;0.9;147.6;14,759;;14,604;162.6
E05000597;Hale End and Highams Park;Waltham Forest;16,271;235;2.4;69.2;6,924;;11,355;48.3
E05000598;Hatch Lane;Waltham Forest;13,192;241.8;2.4;54.6;5,456;;11,058;45.7
E05000599;High Street;Waltham Forest;11,563;306.1;3.1;37.8;3,778;;14,127;46.2
E05000600;Higham Hill;Waltham Forest;16,819;322.2;3.2;52.2;5,220;;13,194;40.9
E05000601;Hoe Street;Waltham Forest;17,106;109.7;1.1;155.9;15,593;;13,912;126.8
E05000602;Larkswood;Waltham Forest;15,372;206.9;2.1;74.3;7,430;;11,337;54.8
E05000603;Lea Bridge;Waltham Forest;12,625;264.5;2.6;47.7;4,773;;15,671;59.2
E05000604;Leyton;Waltham Forest;18,335;203.6;2.0;90.1;9,005;;14,184;69.7
E05000605;Leytonstone;Waltham Forest;18,198;131;1.3;138.9;13,892;;12,879;98.3
E05000606;Markhouse;Waltham Forest;13,512;145.4;1.5;92.9;9,293;;13,636;93.8
E05000607;Valley;Waltham Forest;16,933;198.1;2.0;85.5;8,548;;11,444;57.8
E05000608;William Morris;Waltham Forest;12,255;99.9;1.0;122.7;12,267;;13,269;132.8
E05000609;Wood Street;Waltham Forest;17,445;184.5;1.8;94.6;9,455;;13,368;72.5
E05000610;Balham;Wandsworth;15,355;120.8;1.2;127.1;12,711;;14,751;122.1
E05000611;Bedford;Wandsworth;15,533;180.4;1.8;86.1;8,610;;14,575;80.8
E05000612;Earlsfield;Wandsworth;14,409;141.1;1.4;102.1;10,212;;15,448;109.5
E05000613;East Putney;Wandsworth;17,360;160.9;1.6;107.9;10,789;;15,022;93.4
E05000614;Fairfield;Wandsworth;16,599;145.5;1.5;114.1;11,408;;14,613;100.4
E05000615;Furzedown;Wandsworth;17,545;141.3;1.4;124.2;12,417;;15,504;109.7
E05000616;Graveney;Wandsworth;15,724;100.8;1.0;156.0;15,599;;15,198;150.8
E05000617;Latchmere;Wandsworth;16,571;108.5;1.1;152.7;15,273;;15,358;141.5
E05000618;Nightingale;Wandsworth;16,100;123.1;1.2;130.8;13,079;;14,679;119.2
E05000619;Northcote;Wandsworth;15,131;167.9;1.7;90.1;9,012;;14,940;89.0
E05000620;Queenstown;Wandsworth;16,313;320.8;3.2;50.9;5,085;;16,331;50.9
E05000621;Roehampton;Wandsworth;28,298;442.4;4.4;64.0;6,396;;16,132;36.5
E05000622;St. Mary's Park;Wandsworth;16,395;139.6;1.4;117.4;11,744;;16,556;118.6
E05000623;Shaftesbury;Wandsworth;20,365;94.8;0.9;214.8;21,482;;14,160;149.4
E05000624;Southfields;Wandsworth;14,589;152.2;1.5;95.9;9,585;;16,256;106.8
E05000625;Thamesfield;Wandsworth;18,199;192.1;1.9;94.7;9,474;;14,842;77.3
E05000626;Tooting;Wandsworth;18,207;160.4;1.6;113.5;11,351;;16,239;101.2
E05000627;Wandsworth Common;Wandsworth;17,411;276;2.8;63.1;6,308;;15,247;55.2
E05000628;West Hill;Wandsworth;15,870;168.8;1.7;94.0;9,402;;16,402;97.2
E05000629;West Putney;Wandsworth;16,969;184.6;1.8;91.9;9,192;;14,742;79.9
E05000630;Abbey Road;Westminster;15,561;109.5;1.1;142.1;14,211;;11,250;102.7
E05000631;Bayswater;Westminster;13,431;51.8;0.5;259.3;25,929;;10,300;198.8
E05000632;Bryanston and Dorset Square;Westminster;11,757;72.3;0.7;162.6;16,261;;11,991;165.9
E05000633;Churchill;Westminster;14,219;60.9;0.6;233.5;23,348;;9,618;157.9
E05000634;Church Street;Westminster;12,755;44.4;0.4;287.3;28,727;;11,760;264.9
E05000635;Harrow Road;Westminster;14,182;49.5;0.5;286.5;28,651;;12,034;243.1
E05000636;Hyde Park;Westminster;13,855;95.9;1.0;144.5;14,447;;12,462;129.9
E05000637;Knightsbridge and Belgravia;Westminster;16,529;359.3;3.6;46.0;4,600;;9,270;25.8
E05000638;Lancaster Gate;Westminster;10,308;63;0.6;163.6;16,362;;13,195;209.4
E05000639;Little Venice;Westminster;15,379;63.6;0.6;241.8;24,181;;10,633;167.2
E05000640;Maida Vale;Westminster;13,173;64.6;0.6;203.9;20,392;;10,210;158.0
E05000641;Marylebone High Street;Westminster;11,992;100.1;1.0;119.8;11,980;;10,366;103.6
E05000642;Queen's Park;Westminster;12,670;58.3;0.6;217.3;21,732;;12,563;215.5
E05000643;Regent's Park;Westminster;13,938;225.6;2.3;61.8;6,178;;12,067;53.5
E05000644;St. James's;Westminster;13,738;346.8;3.5;39.6;3,961;;10,828;31.2
E05000645;Tachbrook;Westminster;15,903;44.4;0.4;358.2;35,818;;8,158;183.7
E05000646;Vincent Square;Westminster;9,359;68.6;0.7;136.4;13,643;;9,988;145.6
E05000647;Warwick;Westminster;12,785;57.4;0.6;222.7;22,274;;9,369;163.2
E05000648;Westbourne;Westminster;10,737;67.4;0.7;159.3;15,930;;12,759;189.3
E05000649;West End;Westminster;14,417;199.6;2.0;72.2;7,223;;10,575;53.0
E12000007;London;London;13,749;159471.9;1,594.7;0.1;9;;8,173,941;51.3